IP,PORT,匿名度,类型,位置,响应速度,最后验证时间
218.73.129.57,9999,高匿名,HTTP,浙江省温州市  电信,0.8秒,2019-04-13 15:31:00
111.177.174.146,9999,高匿名,HTTP,湖北省随州市  电信,2秒,2019-04-13 14:31:01
114.239.110.236,9999,高匿名,HTTP,江苏省宿迁市  电信,3秒,2019-04-13 13:31:01
219.159.38.200,56210,高匿名,HTTP,内蒙古自治区赤峰市  联通,3秒,2019-04-13 12:30:59
183.6.130.6,8118,高匿名,HTTP,广东省广州市  电信,1秒,2019-04-13 11:31:00
111.177.187.119,9999,高匿名,HTTP,湖北省随州市  电信,0.6秒,2019-04-13 10:31:01
58.241.186.90,50369,高匿名,HTTP,江苏省徐州市  联通,2秒,2019-04-13 09:31:00
125.126.203.181,9999,高匿名,HTTP,浙江省台州市  电信,2秒,2019-04-13 08:31:01
121.61.1.233,9999,高匿名,HTTP,湖北省咸宁市  电信,2秒,2019-04-13 07:31:00
111.177.173.0,9999,高匿名,HTTP,湖北省随州市  电信,2秒,2019-04-13 06:31:01
111.177.172.148,9999,高匿名,HTTP,湖北省随州市  电信,1秒,2019-04-13 05:31:01
124.94.195.110,9999,高匿名,HTTP,辽宁省阜新市  联通,0.7秒,2019-04-13 04:31:01
125.126.192.60,9999,高匿名,HTTP,浙江省台州市  电信,3秒,2019-04-13 03:31:01
180.118.247.89,9000,高匿名,HTTP,中国 江苏省 镇江市 电信,2秒,2019-04-13 02:31:01
117.42.200.64,9999,高匿名,HTTP,江西省宜春市  电信,2秒,2019-04-13 01:30:58
117.42.200.64,9999,高匿名,HTTP,江西省宜春市  电信,2秒,2019-04-13 01:30:58
121.13.252.58,41564,高匿名,HTTP,广东省东莞市  电信,3秒,2019-04-13 00:31:00
121.13.252.62,41564,高匿名,HTTP,广东省东莞市  电信,2秒,2019-04-12 23:31:01
114.234.80.224,9000,高匿名,HTTP,江苏省徐州市  电信,1.0秒,2019-04-12 22:31:00
116.113.27.170,53889,高匿名,HTTP,内蒙古自治区呼和浩特市  联通,1秒,2019-04-12 21:31:00
117.91.232.177,9999,高匿名,HTTP,江苏省扬州市  电信,3秒,2019-04-12 20:31:00
211.101.154.105,43598,高匿名,HTTP,北京市北京市  联通,0.9秒,2019-04-12 19:30:59
125.110.73.15,9000,高匿名,HTTP,中国 浙江省 温州市 电信,1秒,2019-04-12 18:31:01
163.204.245.252,9999,高匿名,HTTP,广东省汕尾市  联通,3秒,2019-04-12 17:31:01
115.151.63.112,9999,高匿名,HTTP,江西省宜春市  电信,1.0秒,2019-04-12 16:30:59
121.61.27.80,9999,高匿名,HTTP,湖北省咸宁市  电信,1秒,2019-04-12 15:31:01
61.131.146.221,9999,高匿名,HTTP,江西省宜春市  电信,3秒,2019-04-12 14:30:59
117.91.249.82,9999,高匿名,HTTP,江苏省扬州市  电信,1秒,2019-04-12 13:31:00
49.86.179.182,9999,高匿名,HTTP,江苏省扬州市  电信,0.4秒,2019-04-12 12:30:59
115.218.214.119,9000,高匿名,HTTP,浙江省温州市  电信,0.8秒,2019-04-12 11:30:57
116.209.52.187,9999,高匿名,HTTP,湖北省仙桃市  电信,3秒,2019-04-12 10:31:01
60.191.57.79,13176,高匿名,HTTP,浙江省杭州市  电信,0.3秒,2019-04-12 09:31:01
180.104.63.111,9000,高匿名,HTTP,江苏省徐州市  电信,2秒,2019-04-12 08:31:00
61.131.146.136,9999,高匿名,HTTP,江西省宜春市  电信,3秒,2019-04-12 07:31:00
61.176.223.7,58822,高匿名,HTTP,辽宁省葫芦岛市  联通,3秒,2019-04-12 06:31:01
59.62.167.201,9999,高匿名,HTTP,江西省宜春市  电信,2秒,2019-04-12 05:30:57
111.77.20.68,9000,高匿名,HTTP,江西省九江市  电信,2秒,2019-04-12 04:30:53
115.151.6.75,9999,高匿名,HTTP,江西省宜春市  电信,1秒,2019-04-12 03:31:00
124.42.68.152,90,高匿名,HTTP,中国 北京 北京 电信,3秒,2019-04-12 02:30:56
222.184.7.206,45570,高匿名,HTTP,江苏省淮安市  电信,1秒,2019-04-12 01:30:59
122.234.206.111,9000,高匿名,HTTP,浙江省杭州市  电信,0.4秒,2019-04-12 00:31:01
111.72.154.250,9999,高匿名,HTTP,江西省宜春市  电信,1秒,2019-04-11 23:30:59
61.131.146.154,9999,高匿名,HTTP,江西省宜春市  电信,2秒,2019-04-11 22:31:00
115.151.4.147,9999,高匿名,HTTP,江西省宜春市  电信,3秒,2019-04-11 21:30:59
36.26.207.158,9999,高匿名,HTTP,浙江省台州市  电信,2秒,2019-04-11 20:31:02
113.121.20.236,9999,高匿名,HTTP,山东省烟台市  电信,1秒,2019-04-11 18:30:58
111.72.154.169,9999,高匿名,HTTP,江西省宜春市  电信,0.8秒,2019-04-11 17:30:59
110.52.235.68,9999,高匿名,HTTP,湖南省岳阳市  联通,1秒,2019-04-11 16:30:58
116.209.54.174,9999,高匿名,HTTP,湖北省仙桃市  电信,0.7秒,2019-04-11 15:31:00
211.152.33.24,51277,高匿名,HTTP,上海市上海市  世纪互联,3秒,2019-04-11 14:31:00
183.129.207.78,23207,高匿名,HTTP,浙江省杭州市  电信,2秒,2019-04-11 13:31:01
111.79.198.127,9999,高匿名,HTTP,江西省宜春市  电信,2秒,2019-04-11 12:31:01
111.177.173.98,9999,高匿名,HTTP,湖北省随州市  电信,3秒,2019-04-11 11:31:01
117.90.137.126,9000,高匿名,HTTP,江苏省镇江市  电信,3秒,2019-04-11 10:30:58
59.37.33.62,50686,高匿名,HTTP,广东省惠州市  电信,3秒,2019-04-11 09:31:01
115.209.21.29,9000,高匿名,HTTP,中国 浙江省 金华市 电信,0.9秒,2019-04-11 08:30:56
221.11.105.69,56120,高匿名,HTTP,陕西省汉中市  联通,3秒,2019-04-11 07:30:59
120.234.138.102,53779,高匿名,HTTP,广东省东莞市  移动,0.6秒,2019-04-11 06:30:57
182.111.121.241,9999,高匿名,HTTP,江西省宜春市  电信,1秒,2019-04-11 05:31:00
125.126.219.9,9999,高匿名,HTTP,浙江省台州市  电信,1秒,2019-04-11 04:31:01
111.177.188.24,9999,高匿名,HTTP,湖北省随州市  电信,3秒,2019-04-11 03:31:00
121.61.0.254,9999,高匿名,HTTP,湖北省咸宁市  电信,1秒,2019-04-11 02:31:00
125.123.142.148,9999,高匿名,HTTP,浙江省嘉兴市  电信,3秒,2019-04-11 01:31:01
119.254.94.114,34422,高匿名,HTTP,北京市海淀区 BJENET宽带网络 BGP多线,2秒,2019-04-11 00:30:54
111.79.199.176,9999,高匿名,HTTP,江西省宜春市  电信,3秒,2019-04-10 23:31:02
111.77.23.48,9000,高匿名,HTTP,江西省九江市  电信,0.5秒,2019-04-10 22:30:51
125.110.84.86,9000,高匿名,HTTP,中国 浙江省 温州市 电信,2秒,2019-04-10 21:30:50
117.42.200.47,9999,高匿名,HTTP,江西省宜春市  电信,3秒,2019-04-10 20:31:01
49.86.180.166,9999,高匿名,HTTP,江苏省扬州市  电信,3秒,2019-04-10 19:31:02
115.151.61.59,9999,高匿名,HTTP,江西省宜春市  电信,0.4秒,2019-04-10 18:30:59
111.177.161.31,9999,高匿名,HTTP,湖北省随州市  电信,2秒,2019-04-10 17:31:01
223.242.128.223,9999,高匿名,HTTP,安徽省蚌埠市  电信,3秒,2019-04-10 16:30:57
1.198.72.64,9999,高匿名,HTTP,河南省济源市  电信,1秒,2019-04-10 15:31:01
47.104.201.136,53281,高匿名,HTTP,山东省青岛市  阿里云,0.8秒,2019-04-10 14:31:01
111.79.199.0,9999,高匿名,HTTP,江西省宜春市  电信,3秒,2019-04-10 13:31:00
111.79.199.0,9999,高匿名,HTTP,江西省宜春市  电信,3秒,2019-04-10 13:31:00
114.104.135.181,9999,高匿名,HTTP,安徽省黄山市  电信,2秒,2019-04-10 12:31:00
111.177.173.96,9999,高匿名,HTTP,湖北省随州市  电信,1秒,2019-04-10 11:30:58
116.209.59.191,9999,高匿名,HTTP,湖北省仙桃市  电信,3秒,2019-04-10 10:31:00
111.177.187.75,9999,高匿名,HTTP,湖北省随州市  电信,3秒,2019-04-10 09:31:01
111.177.191.15,9999,高匿名,HTTP,湖北省随州市  电信,3秒,2019-04-10 08:30:59
112.95.27.74,8118,高匿名,HTTP,广东省深圳市  联通,1秒,2019-04-10 07:30:59
218.95.82.157,9000,高匿名,HTTP,江西省萍乡市  电信,0.6秒,2019-04-10 06:30:52
111.177.177.28,9999,高匿名,HTTP,湖北省随州市  电信,3秒,2019-04-10 05:31:01
116.209.53.170,9999,高匿名,HTTP,湖北省仙桃市  电信,2秒,2019-04-10 04:31:01
111.177.175.125,9999,高匿名,HTTP,湖北省随州市  电信,3秒,2019-04-10 03:30:56
111.177.176.109,9999,高匿名,HTTP,湖北省随州市  电信,0.3秒,2019-04-10 02:31:01
59.62.6.100,9000,高匿名,HTTP,江西省萍乡市  电信,3秒,2019-04-10 01:31:01
119.145.2.98,44129,高匿名,HTTP,广东省深圳市  电信,3秒,2019-04-10 00:31:01
111.177.161.248,9999,高匿名,HTTP,湖北省随州市  电信,1秒,2019-04-09 23:31:02
36.26.225.210,9999,高匿名,HTTP,浙江省台州市  电信,3秒,2019-04-09 22:31:01
115.151.63.154,9999,高匿名,HTTP,江西省宜春市  电信,1秒,2019-04-09 21:31:01
110.52.235.156,9999,高匿名,HTTP,湖南省岳阳市  联通,2秒,2019-04-09 20:31:01
111.177.174.165,9999,高匿名,HTTP,湖北省随州市  电信,3秒,2019-04-09 19:31:01
61.164.39.66,53281,高匿名,HTTP,浙江省杭州市 杭州众望信息技术有限公司 电信,3秒,2019-04-09 18:30:58
121.228.240.101,9999,高匿名,HTTP,江苏省苏州市  电信,1秒,2019-04-09 17:31:00
116.209.58.123,9999,高匿名,HTTP,湖北省仙桃市  电信,2秒,2019-04-09 16:30:56
116.209.52.131,9999,高匿名,HTTP,湖北省仙桃市  电信,1秒,2019-04-09 15:30:59
118.187.58.35,53281,高匿名,HTTP,北京市海淀区 旭辉信通科技发展（北京）有限公司 联通,3秒,2019-04-09 14:30:55
116.209.55.163,9999,高匿名,HTTP,湖北省仙桃市  电信,2秒,2019-04-09 13:31:01
211.101.154.105,43598,高匿名,HTTP,北京市北京市  联通,2秒,2019-04-09 12:31:01
113.120.60.171,9999,高匿名,HTTP,山东省济南市  电信,2秒,2019-04-09 11:31:00
111.77.196.81,9999,高匿名,HTTP,江西省宜春市  电信,2秒,2019-04-09 10:30:56
122.234.206.43,9000,高匿名,HTTP,中国 浙江省 杭州市 电信,3秒,2019-04-09 09:31:00
116.209.55.225,9999,高匿名,HTTP,湖北省仙桃市  电信,1秒,2019-04-09 08:30:58
163.204.241.34,9999,高匿名,HTTP,广东省汕尾市  联通,1秒,2019-04-09 07:31:02
113.120.63.170,9999,高匿名,HTTP,山东省济南市  电信,1秒,2019-04-09 06:30:53
123.188.223.77,9999,高匿名,HTTP,辽宁省阜新市  联通,1秒,2019-04-09 05:30:58
47.93.18.195,80,高匿名,HTTP,北京市北京市  阿里云,1.0秒,2019-04-09 04:31:00
59.62.166.246,9999,高匿名,HTTP,江西省宜春市  电信,2秒,2019-04-09 03:31:02
116.209.57.158,9999,高匿名,HTTP,湖北省仙桃市  电信,1秒,2019-04-09 02:31:00
163.204.240.101,9999,高匿名,HTTP,广东省汕尾市  联通,2秒,2019-04-09 01:30:59
116.209.55.245,9999,高匿名,HTTP,湖北省仙桃市  电信,1秒,2019-04-09 00:31:00
116.209.59.182,9999,高匿名,HTTP,湖北省仙桃市  电信,2秒,2019-04-08 23:31:01
49.86.176.27,9999,高匿名,HTTP,江苏省扬州市  电信,2秒,2019-04-08 22:31:01
163.204.242.248,9999,高匿名,HTTP,广东省汕尾市  联通,0.5秒,2019-04-08 21:30:59
110.52.235.31,9999,高匿名,HTTP,湖南省岳阳市  联通,0.5秒,2019-04-08 20:31:00
163.125.115.59,8118,高匿名,HTTP,广东省深圳市  联通,0.5秒,2019-04-08 19:30:56
211.152.33.24,51277,高匿名,HTTP,上海市上海市  世纪互联,2秒,2019-04-08 18:30:58
49.84.231.189,9999,高匿名,HTTP,中国 江苏省 苏州市 电信,0.8秒,2019-04-08 17:31:01
175.155.136.88,1133,高匿名,HTTP,四川省绵阳市  联通,2秒,2019-04-08 16:31:00
49.72.134.45,9999,高匿名,HTTP,江苏省苏州市  电信,2秒,2019-04-08 15:31:01
125.126.198.18,9999,高匿名,HTTP,浙江省台州市  电信,3秒,2019-04-08 14:30:53
116.209.52.203,9999,高匿名,HTTP,湖北省仙桃市  电信,2秒,2019-04-08 13:30:59
116.209.52.107,9999,高匿名,HTTP,湖北省仙桃市  电信,0.8秒,2019-04-08 12:31:01
1.198.72.167,9999,高匿名,HTTP,河南省济源市  电信,2秒,2019-04-08 11:30:56
222.184.254.170,8888,高匿名,HTTP,江苏省南通市  电信,2秒,2019-04-08 10:31:01
111.77.197.203,9999,高匿名,HTTP,江西省宜春市  电信,1秒,2019-04-08 09:31:01
116.209.59.147,9999,高匿名,HTTP,湖北省仙桃市  电信,1秒,2019-04-08 08:30:59
125.126.210.100,9999,高匿名,HTTP,浙江省台州市  电信,0.8秒,2019-04-08 07:30:58
116.209.59.142,9999,高匿名,HTTP,湖北省仙桃市  电信,1秒,2019-04-08 06:31:01
1.198.73.207,9999,高匿名,HTTP,河南省济源市  电信,1秒,2019-04-08 05:31:01
59.45.13.220,57868,高匿名,HTTP,辽宁省盘锦市  电信,0.9秒,2019-04-08 04:31:00
116.209.55.252,9999,高匿名,HTTP,湖北省仙桃市  电信,1秒,2019-04-08 03:31:00
163.204.240.78,9999,高匿名,HTTP,广东省汕尾市  联通,3秒,2019-04-08 02:31:01
